<?xml version="1.0" encoding="UTF-8"?>
<project-private xmlns="http://www.netbeans.org/ns/project-private/1">
    <editor-bookmarks xmlns="http://www.netbeans.org/ns/editor-bookmarks/2" lastBookmarkId="0"/>
    <open-files xmlns="http://www.netbeans.org/ns/projectui-open-files/2">
        <group>
            <file>file:/D:/OpenDay2015/OpenDayNetBeans/src/SharedFrames.java</file>
            <file>file:/D:/OpenDay2015/OpenDayNetBeans/src/filtroPerNome.java</file>
            <file>file:/D:/OpenDay2015/OpenDayNetBeans/src/main.java</file>
            <file>file:/D:/OpenDay2015/OpenDayNetBeans/src/secondaPagina.java</file>
            <file>file:/D:/OpenDay2015/OpenDayNetBeans/src/Percentuali.java</file>
            <file>file:/D:/OpenDay2015/OpenDayNetBeans/src/FiltraDomanda.java</file>
            <file>file:/D:/OpenDay2015/OpenDayNetBeans/src/DatiCondivisi.java</file>
            <file>file:/D:/OpenDay2015/OpenDayNetBeans/src/OpenDayNetBeans.java</file>
        </group>
    </open-files>
</project-private>
